{
  ":configurator:policy" : "force",
  "com.liferay.client.extension.type.configuration.CETConfiguration~scheduling-custom-element" : {
    "baseURL" : "${portalURL}/o/scheduling-custom-element",
    "description" : "",
    "dxp.lxc.liferay.com.virtualInstanceId" : "default",
    "name" : "Scheduling Custom Element",
    "projectName" : "scheduling-custom-element",
    "properties" : [ ],
    "sourceCodeURL" : "",
    "type" : "customElement",
    "typeSettings" : [ "friendlyURLMapping=scheduling-custom-element", "instanceable=false", "urls=js/main.18fc35e3.js", "useESM=true", "htmlElementName=scheduling-custom-element", "cssURLs=css/main.ff8a1c64.css", "portletCategoryName=category.client-extensions" ],
    "webContextPath" : "/scheduling-custom-element"
  }
}